123456789,777777777-1.txt
123456789,777777777-3.txt
123456789,888888888-1.txt
123456789,888888888-2.txt
123456789,777777777-4.txt
123456789,777777777-5.txt
123456789,888888888-3.txt
123456789,777777777-1.txt
123456789,888888888-1.txt
147852369,777777777-1.txt
147852369,888888888-1.txt
147852369,888888888-2.txt
147852369,777777777-4.txt
147852369,777777777-5.txt
147852369,888888888-3.txt
147852369,777777777-3.txt
748951263,888888888-3.txt
748951263,777777777-1.txt
748951263,777777777-3.txt
748951263,888888888-1.txt
748951263,888888888-2.txt
748951263,777777777-4.txt
748951263,777777777-5.txt
